image_path,source_dataset,split,latex,mhchem_candidate,normalization_status,normalization_notes,reaction_json
D:\competition\date\data\raw\PEaCE\real_world_test_set\cell_chemical&special\3_0.png,PEaCE_real_world_test_set,real_world_test,B E T \; s u r f a c e \\ a r e a \; [ m ^ { 2 } \; g ^ { - 1 } ],\ce{BET surface \ area [m^2 g^-1]},expression_only,no reaction arrow detected,"{""source_latex"": ""B E T \\; s u r f a c e \\\\ a r e a \\; [ m ^ { 2 } \\; g ^ { - 1 } ]"", ""plain_candidate"": ""BET surface \\ area [m^2 g^-1]"", ""arrow"": """", ""conditions"": [], ""reactants"": [], ""products"": []}"
D:\competition\date\data\raw\PEaCE\real_world_test_set\cell_chemical&special\3_4.png,PEaCE_real_world_test_set,real_world_test,C r y s t a l l i t e \\ s i z e ^ { b } \; [ \mathring { A } ],\ce{Crystallite \ size^b [A]},expression_only,no reaction arrow detected,"{""source_latex"": ""C r y s t a l l i t e \\\\ s i z e ^ { b } \\; [ \\mathring { A } ]"", ""plain_candidate"": ""Crystallite \\ size^b [A]"", ""arrow"": """", ""conditions"": [], ""reactants"": [], ""products"": []}"
D:\competition\date\data\raw\PEaCE\real_world_test_set\cell_chemical&special\3_8.png,PEaCE_real_world_test_set,real_world_test,C O _ { 2 } \; d e s o r p t i o n \\ t e m p e r a t u r e ^ { e } \; [ ^ { \circ } C ],\ce{CO2 desorption \ temperature^e [^deg C]},expression_only,no reaction arrow detected,"{""source_latex"": ""C O _ { 2 } \\; d e s o r p t i o n \\\\ t e m p e r a t u r e ^ { e } \\; [ ^ { \\circ } C ]"", ""plain_candidate"": ""CO2 desorption \\ temperature^e [^deg C]"", ""arrow"": """", ""conditions"": [], ""reactants"": [], ""products"": []}"
D:\competition\date\data\raw\PEaCE\real_world_test_set\cell_normal\1_10.png,PEaCE_real_world_test_set,real_world_test,"G C - T C D : \; G L \; S c i e n c e , \; G C 3 2 3 ; \; c o l u m n : \; m o l e c u l a r \; s i e v e , \; 3 0 - 6 0 \; m e s h","\ce{GC-TCD : GL Science, GC323 ; column : molecular sieve, 30-60 mesh}",expression_only,no reaction arrow detected,"{""source_latex"": ""G C - T C D : \\; G L \\; S c i e n c e , \\; G C 3 2 3 ; \\; c o l u m n : \\; m o l e c u l a r \\; s i e v e , \\; 3 0 - 6 0 \\; m e s h"", ""plain_candidate"": ""GC-TCD : GL Science, GC323 ; column : molecular sieve, 30-60 mesh"", ""arrow"": """", ""conditions"": [], ""reactants"": [], ""products"": []}"
D:\competition\date\data\raw\PEaCE\real_world_test_set\cell_normal\1_13.png,PEaCE_real_world_test_set,real_world_test,I o n \; c h r o m a t o g r a p h y \; ( I C ),\ce{Ion chromatography (IC)},expression_only,no reaction arrow detected,"{""source_latex"": ""I o n \\; c h r o m a t o g r a p h y \\; ( I C )"", ""plain_candidate"": ""Ion chromatography (IC)"", ""arrow"": """", ""conditions"": [], ""reactants"": [], ""products"": []}"
D:\competition\date\data\raw\PEaCE\real_world_test_set\cell_normal\1_14.png,PEaCE_real_world_test_set,real_world_test,"I C ; \; M e t r o h m , \; 8 8 3 \; B a s i c \; I C \; p l u s ; \; c o l u m n : \; M e t r o s e p \; A \; S u p p 4 - 2 5 0 / 4 . 0","\ce{IC ; Metrohm, 883 Basic IC plus ; column : Metrosep A Supp4-250/4 . 0}",expression_only,no reaction arrow detected,"{""source_latex"": ""I C ; \\; M e t r o h m , \\; 8 8 3 \\; B a s i c \\; I C \\; p l u s ; \\; c o l u m n : \\; M e t r o s e p \\; A \\; S u p p 4 - 2 5 0 / 4 . 0"", ""plain_candidate"": ""IC ; Metrohm, 883 Basic IC plus ; column : Metrosep A Supp4-250/4 . 0"", ""arrow"": """", ""conditions"": [], ""reactants"": [], ""products"": []}"
D:\competition\date\data\raw\PEaCE\real_world_test_set\cell_normal\1_4.png,PEaCE_real_world_test_set,real_world_test,G a s \; c h r o m a t o g r a p h y - m a s s \; s p e c t r o m e t r y \; ( G C - M S ),\ce{Gas chromatography-mass spectrometry (GC-MS)},expression_only,no reaction arrow detected,"{""source_latex"": ""G a s \\; c h r o m a t o g r a p h y - m a s s \\; s p e c t r o m e t r y \\; ( G C - M S )"", ""plain_candidate"": ""Gas chromatography-mass spectrometry (GC-MS)"", ""arrow"": """", ""conditions"": [], ""reactants"": [], ""products"": []}"
D:\competition\date\data\raw\PEaCE\real_world_test_set\cell_normal\1_5.png,PEaCE_real_world_test_set,real_world_test,H e w l e t t \; P a c k a r d \; s y s t e m \; G C : \; H P 6 8 9 0 ; \; C P - P o r a B O N D \; Q ),\ce{Hewlett Packard system GC : HP6890 ; CP-PoraBOND Q)},expression_only,no reaction arrow detected,"{""source_latex"": ""H e w l e t t \\; P a c k a r d \\; s y s t e m \\; G C : \\; H P 6 8 9 0 ; \\; C P - P o r a B O N D \\; Q )"", ""plain_candidate"": ""Hewlett Packard system GC : HP6890 ; CP-PoraBOND Q)"", ""arrow"": """", ""conditions"": [], ""reactants"": [], ""products"": []}"
D:\competition\date\data\raw\PEaCE\real_world_test_set\cell_normal\1_7.png,PEaCE_real_world_test_set,real_world_test,G C - f l a m e \; i o n i z a t i o n \; d e t e c t i o n \; ( G F - F I D ),\ce{GC-flame ionization detection (GF-FID)},expression_only,no reaction arrow detected,"{""source_latex"": ""G C - f l a m e \\; i o n i z a t i o n \\; d e t e c t i o n \\; ( G F - F I D )"", ""plain_candidate"": ""GC-flame ionization detection (GF-FID)"", ""arrow"": """", ""conditions"": [], ""reactants"": [], ""products"": []}"
D:\competition\date\data\raw\PEaCE\real_world_test_set\cell_normal\1_8.png,PEaCE_real_world_test_set,real_world_test,"G C - F I D : \; G L \; S c i e n c e , \; G C 4 0 0 0 ; \; c o l u m n \; f o r \; g a s : \; C P - P o r a B O N D \; Q","\ce{GC-FID : GL Science, GC4000 ; column for gas : CP-PoraBOND Q}",expression_only,no reaction arrow detected,"{""source_latex"": ""G C - F I D : \\; G L \\; S c i e n c e , \\; G C 4 0 0 0 ; \\; c o l u m n \\; f o r \\; g a s : \\; C P - P o r a B O N D \\; Q"", ""plain_candidate"": ""GC-FID : GL Science, GC4000 ; column for gas : CP-PoraBOND Q"", ""arrow"": """", ""conditions"": [], ""reactants"": [], ""products"": []}"
D:\competition\date\data\raw\PEaCE\real_world_test_set\cell_normal\1_9.png,PEaCE_real_world_test_set,real_world_test,G C - t h e r m a l \; c o n d u c t i v i t y \; d e t e c t i o n \; ( G C - T C D ),\ce{GC-thermal conductivity detection (GC-TCD)},expression_only,no reaction arrow detected,"{""source_latex"": ""G C - t h e r m a l \\; c o n d u c t i v i t y \\; d e t e c t i o n \\; ( G C - T C D )"", ""plain_candidate"": ""GC-thermal conductivity detection (GC-TCD)"", ""arrow"": """", ""conditions"": [], ""reactants"": [], ""products"": []}"
D:\competition\date\data\raw\PEaCE\real_world_test_set\cell_normal\2_1.png,PEaCE_real_world_test_set,real_world_test,P l a s t i c \; M i x t u r e,\ce{Plastic Mixture},expression_only,no reaction arrow detected,"{""source_latex"": ""P l a s t i c \\; M i x t u r e"", ""plain_candidate"": ""Plastic Mixture"", ""arrow"": """", ""conditions"": [], ""reactants"": [], ""products"": []}"
D:\competition\date\data\raw\PEaCE\real_world_test_set\cell_normal\4_44.png,PEaCE_real_world_test_set,real_world_test,M A H s,\ce{MAHs},expression_only,no reaction arrow detected,"{""source_latex"": ""M A H s"", ""plain_candidate"": ""MAHs"", ""arrow"": """", ""conditions"": [], ""reactants"": [], ""products"": []}"
D:\competition\date\data\raw\PEaCE\real_world_test_set\cell_normal\4_50.png,PEaCE_real_world_test_set,real_world_test,P A H s,\ce{PAHs},expression_only,no reaction arrow detected,"{""source_latex"": ""P A H s"", ""plain_candidate"": ""PAHs"", ""arrow"": """", ""conditions"": [], ""reactants"": [], ""products"": []}"
D:\competition\date\data\raw\PEaCE\real_world_test_set\cell_normal\5_25.png,PEaCE_real_world_test_set,real_world_test,M g O,\ce{MgO},expression_only,no reaction arrow detected,"{""source_latex"": ""M g O"", ""plain_candidate"": ""MgO"", ""arrow"": """", ""conditions"": [], ""reactants"": [], ""products"": []}"
D:\competition\date\data\raw\PEaCE\real_world_test_set\cell_normal\5_4.png,PEaCE_real_world_test_set,real_world_test,B E T \; s u r f a c e \; a r e a,\ce{BET surface area},expression_only,no reaction arrow detected,"{""source_latex"": ""B E T \\; s u r f a c e \\; a r e a"", ""plain_candidate"": ""BET surface area"", ""arrow"": """", ""conditions"": [], ""reactants"": [], ""products"": []}"
D:\competition\date\data\raw\PEaCE\real_world_test_set\cell_chemical&special\7_10.png,PEaCE_real_world_test_set,real_world_test,g e n e r a l \\ m e t h y l - a r o m a t i c \; ( C H _ { 3 } - A R ) \\ m e t h y l - a r o m a t i c \; a t \; o r t h o \; p o s i t i o n \; o f \; a \; h y d r o x y l \; o r \\ m e t h o x y l \; g r o u p \; ( C H _ { 3 } - A R ' ),\ce{general \ methyl-aromatic (CH3-AR)\ methyl-aromatic at ortho position of a hydroxyl or \ methoxyl group (CH3-AR ')},expression_only,no reaction arrow detected,"{""source_latex"": ""g e n e r a l \\\\ m e t h y l - a r o m a t i c \\; ( C H _ { 3 } - A R ) \\\\ m e t h y l - a r o m a t i c \\; a t \\; o r t h o \\; p o s i t i o n \\; o f \\; a \\; h y d r o x y l \\; o r \\\\ m e t h o x y l \\; g r o u p \\; ( C H _ { 3 } - A R ' )"", ""plain_candidate"": ""general \\ methyl-aromatic (CH3-AR)\\ methyl-aromatic at ortho position of a hydroxyl or \\ methoxyl group (CH3-AR ')"", ""arrow"": """", ""conditions"": [], ""reactants"": [], ""products"": []}"
D:\competition\date\data\raw\PEaCE\real_world_test_set\cell_chemical&special\8_3.png,PEaCE_real_world_test_set,real_world_test,S _ { B E T } ^ { b } \; ( m ^ { 2 } \; g ^ { - 1 } ),\ce{SBET^b (m^2 g^-1)},expression_only,no reaction arrow detected,"{""source_latex"": ""S _ { B E T } ^ { b } \\; ( m ^ { 2 } \\; g ^ { - 1 } )"", ""plain_candidate"": ""SBET^b (m^2 g^-1)"", ""arrow"": """", ""conditions"": [], ""reactants"": [], ""products"": []}"
D:\competition\date\data\raw\PEaCE\real_world_test_set\cell_chemical&special\11_10.png,PEaCE_real_world_test_set,real_world_test,4 ^ { \circ } C / m i n \quad H _ { 2 } \; f l o w \quad 3 0 \; m L / m i n,\ce{4^deg C/min H2 flow 30 mL/min},expression_only,no reaction arrow detected,"{""source_latex"": ""4 ^ { \\circ } C / m i n \\quad H _ { 2 } \\; f l o w \\quad 3 0 \\; m L / m i n"", ""plain_candidate"": ""4^deg C/min H2 flow 30 mL/min"", ""arrow"": """", ""conditions"": [], ""reactants"": [], ""products"": []}"
D:\competition\date\data\raw\PEaCE\real_world_test_set\cell_chemical&special\11_12.png,PEaCE_real_world_test_set,real_world_test,3 0 0 ^ { \circ } C \; ( 1 5 \; m i n ) \quad A i r \; f l o w \quad 4 0 0 \; mL / m i n,\ce{300^deg C (15 min) Air flow 400 mL/min},expression_only,no reaction arrow detected,"{""source_latex"": ""3 0 0 ^ { \\circ } C \\; ( 1 5 \\; m i n ) \\quad A i r \\; f l o w \\quad 4 0 0 \\; mL / m i n"", ""plain_candidate"": ""300^deg C (15 min) Air flow 400 mL/min"", ""arrow"": """", ""conditions"": [], ""reactants"": [], ""products"": []}"
D:\competition\date\data\raw\PEaCE\real_world_test_set\cell_chemical&special\11_14.png,PEaCE_real_world_test_set,real_world_test,8 1 . 5 \; m i n \quad M a k e \; u p \; f l o w \; ( N _ { 2 } ) \quad 2 5 \; m L / m i n,\ce{81 . 5 min Make up flow (N2) 25 mL/min},expression_only,no reaction arrow detected,"{""source_latex"": ""8 1 . 5 \\; m i n \\quad M a k e \\; u p \\; f l o w \\; ( N _ { 2 } ) \\quad 2 5 \\; m L / m i n"", ""plain_candidate"": ""81 . 5 min Make up flow (N2) 25 mL/min"", ""arrow"": """", ""conditions"": [], ""reactants"": [], ""products"": []}"
D:\competition\date\data\raw\PEaCE\real_world_test_set\cell_chemical&special\11_16.png,PEaCE_real_world_test_set,real_world_test,1 \; \mu 1 \quad C o l u m n \pm M a k e u p \quad 2 6 \; m L / m i n,\ce{1 1 Column Makeup 26 mL/min},expression_only,no reaction arrow detected,"{""source_latex"": ""1 \\; \\mu 1 \\quad C o l u m n \\pm M a k e u p \\quad 2 6 \\; m L / m i n"", ""plain_candidate"": ""1 1 Column Makeup 26 mL/min"", ""arrow"": """", ""conditions"": [], ""reactants"": [], ""products"": []}"
D:\competition\date\data\raw\PEaCE\real_world_test_set\cell_chemical&special\14_16.png,PEaCE_real_world_test_set,real_world_test,[ c m \; s ^ { - 1 } ] \; \; \; \;\; [ k J m _ { N } ^ { - 3 } ],\ce{[cm s^-1] [kJmN^-3]},expression_only,no reaction arrow detected,"{""source_latex"": ""[ c m \\; s ^ { - 1 } ] \\; \\; \\; \\;\\; [ k J m _ { N } ^ { - 3 } ]"", ""plain_candidate"": ""[cm s^-1] [kJmN^-3]"", ""arrow"": """", ""conditions"": [], ""reactants"": [], ""products"": []}"
D:\competition\date\data\raw\PEaCE\real_world_test_set\cell_chemical&special\14_51.png,PEaCE_real_world_test_set,real_world_test,^ { a ) } M N _ { C A R B } \; a n d \; M N _ { G R I } \; - \; m e t h a n e \; n u m b e r s \; o b t a i n e d \; b y,\ce{^a)MNCARB and MNGRI - methane numbers obtained by},expression_only,no reaction arrow detected,"{""source_latex"": ""^ { a ) } M N _ { C A R B } \\; a n d \\; M N _ { G R I } \\; - \\; m e t h a n e \\; n u m b e r s \\; o b t a i n e d \\; b y"", ""plain_candidate"": ""^a)MNCARB and MNGRI - methane numbers obtained by"", ""arrow"": """", ""conditions"": [], ""reactants"": [], ""products"": []}"
D:\competition\date\data\raw\PEaCE\real_world_test_set\cell_chemical&special\14_54.png,PEaCE_real_world_test_set,real_world_test,M N \; = \; ( M N _ { C A R B } + M N _ { G R I } ) / 2 .,\ce{MN = (MNCARB+MNGRI)/2 .},needs_review,"heuristic parse; verify stoichiometry, charge, state, and conditions","{""source_latex"": ""M N \\; = \\; ( M N _ { C A R B } + M N _ { G R I } ) / 2 ."", ""plain_candidate"": ""MN = (MNCARB+MNGRI)/2 ."", ""arrow"": ""="", ""conditions"": [], ""reactants"": [{""coefficient"": ""1"", ""formula"": ""MN"", ""state"": """", ""charge"": """"}], ""products"": [{""coefficient"": ""1"", ""formula"": ""(MNCARB+MNGRI)/2 ."", ""state"": """", ""charge"": """"}]}"
D:\competition\date\data\raw\PEaCE\real_world_test_set\cell_chemical&special\14_8.png,PEaCE_real_world_test_set,real_world_test,[ ^ { \circ } C ] \quad V e l o c i t y \quad G a s,\ce{[^deg C] Velocity Gas},expression_only,no reaction arrow detected,"{""source_latex"": ""[ ^ { \\circ } C ] \\quad V e l o c i t y \\quad G a s"", ""plain_candidate"": ""[^deg C] Velocity Gas"", ""arrow"": """", ""conditions"": [], ""reactants"": [], ""products"": []}"
D:\competition\date\data\raw\PEaCE\real_world_test_set\cell_chemical&special\17_2.png,PEaCE_real_world_test_set,real_world_test,^ { a } \; S S A \; w a s \; c a l c u l a t e d \; b y \; t h e \; B E T \; m e t h o d .,\ce{^a SSA was calculated by the BET method .},expression_only,no reaction arrow detected,"{""source_latex"": ""^ { a } \\; S S A \\; w a s \\; c a l c u l a t e d \\; b y \\; t h e \\; B E T \\; m e t h o d ."", ""plain_candidate"": ""^a SSA was calculated by the BET method ."", ""arrow"": """", ""conditions"": [], ""reactants"": [], ""products"": []}"
D:\competition\date\data\raw\PEaCE\real_world_test_set\cell_chemical&special\17_4.png,PEaCE_real_world_test_set,real_world_test,^ { c } \; T h e \; t o t a l \; p o r e \; v o l u m e \; w a s \; c a l c u l a t e d \; u s i n g \; t h e \; D F T \; m e t h o d .,\ce{^c The total pore volume was calculated using the DFT method .},expression_only,no reaction arrow detected,"{""source_latex"": ""^ { c } \\; T h e \\; t o t a l \\; p o r e \\; v o l u m e \\; w a s \\; c a l c u l a t e d \\; u s i n g \\; t h e \\; D F T \\; m e t h o d ."", ""plain_candidate"": ""^c The total pore volume was calculated using the DFT method ."", ""arrow"": """", ""conditions"": [], ""reactants"": [], ""products"": []}"
D:\competition\date\data\raw\PEaCE\real_world_test_set\cell_chemical&special\17_5.png,PEaCE_real_world_test_set,real_world_test,^ { d } \; T h e \; m i c r o p o r e \; v o l u m e \; w a s \; c a l c u l a t e d \; u s i n g \; t h e \; D F T \; m e t h o d .,\ce{^d The micropore volume was calculated using the DFT method .},expression_only,no reaction arrow detected,"{""source_latex"": ""^ { d } \\; T h e \\; m i c r o p o r e \\; v o l u m e \\; w a s \\; c a l c u l a t e d \\; u s i n g \\; t h e \\; D F T \\; m e t h o d ."", ""plain_candidate"": ""^d The micropore volume was calculated using the DFT method ."", ""arrow"": """", ""conditions"": [], ""reactants"": [], ""products"": []}"
D:\competition\date\data\raw\PEaCE\real_world_test_set\cell_chemical&special\19_11.png,PEaCE_real_world_test_set,real_world_test,[ ( 1 - \alpha ) l n ( 1 - \alpha ) ] + \alpha,\ce{[(1- )ln(1- )]+},expression_only,no reaction arrow detected,"{""source_latex"": ""[ ( 1 - \\alpha ) l n ( 1 - \\alpha ) ] + \\alpha"", ""plain_candidate"": ""[(1- )ln(1- )]+"", ""arrow"": """", ""conditions"": [], ""reactants"": [], ""products"": []}"
D:\competition\date\data\raw\PEaCE\real_world_test_set\cell_chemical&special\19_12.png,PEaCE_real_world_test_set,real_world_test,"t h r e e - d i m e n s i o n a l \; d i f f u s i o n , \; J a n d e l \; ( D 3 ) \quad 3 ( 1 - \alpha ) ^ { 2 / 3 } / [ 2 ( 1 - ( 1 - \alpha ) ^ { 1 / 3 } ) ]","\ce{three-dimensional diffusion, Jandel (D3) 3(1- )^2/3/[2(1-(1- )^1/3)]}",expression_only,no reaction arrow detected,"{""source_latex"": ""t h r e e - d i m e n s i o n a l \\; d i f f u s i o n , \\; J a n d e l \\; ( D 3 ) \\quad 3 ( 1 - \\alpha ) ^ { 2 / 3 } / [ 2 ( 1 - ( 1 - \\alpha ) ^ { 1 / 3 } ) ]"", ""plain_candidate"": ""three-dimensional diffusion, Jandel (D3) 3(1- )^2/3/[2(1-(1- )^1/3)]"", ""arrow"": """", ""conditions"": [], ""reactants"": [], ""products"": []}"
D:\competition\date\data\raw\PEaCE\real_world_test_set\cell_chemical&special\19_14.png,PEaCE_real_world_test_set,real_world_test,"d i f f u s i o n \; c o n t r o l , \; G i n s t l i n g - B r o u n s h t e i n \; ( D 4 ) \quad 3 / 2 [ ( 1 - \alpha ) ^ { - 1 / 3 } - 1 ]","\ce{diffusion control, Ginstling-Brounshtein (D4) 3/2[(1- )^-1/3-1]}",expression_only,no reaction arrow detected,"{""source_latex"": ""d i f f u s i o n \\; c o n t r o l , \\; G i n s t l i n g - B r o u n s h t e i n \\; ( D 4 ) \\quad 3 / 2 [ ( 1 - \\alpha ) ^ { - 1 / 3 } - 1 ]"", ""plain_candidate"": ""diffusion control, Ginstling-Brounshtein (D4) 3/2[(1- )^-1/3-1]"", ""arrow"": """", ""conditions"": [], ""reactants"": [], ""products"": []}"
D:\competition\date\data\raw\PEaCE\real_world_test_set\cell_chemical&special\19_18.png,PEaCE_real_world_test_set,real_world_test,t h r e e - d i m e n s i o n a l \; ( A 3 ) \quad 3 ( 1 - \alpha ) [ - l n ( 1 - \alpha ) ] ^ { 3 / 2 },\ce{three-dimensional (A3) 3(1- )[-ln(1- )]^3/2},expression_only,no reaction arrow detected,"{""source_latex"": ""t h r e e - d i m e n s i o n a l \\; ( A 3 ) \\quad 3 ( 1 - \\alpha ) [ - l n ( 1 - \\alpha ) ] ^ { 3 / 2 }"", ""plain_candidate"": ""three-dimensional (A3) 3(1- )[-ln(1- )]^3/2"", ""arrow"": """", ""conditions"": [], ""reactants"": [], ""products"": []}"
D:\competition\date\data\raw\PEaCE\real_world_test_set\cell_chemical&special\19_20.png,PEaCE_real_world_test_set,real_world_test,f o u r - d i m e n s i o n a l \; ( A 4 ) \quad 4 ( 1 - \alpha ) [ - l n ( 1 - \alpha ) ] ^ { 3 / 4 },\ce{four-dimensional (A4) 4(1- )[-ln(1- )]^3/4},expression_only,no reaction arrow detected,"{""source_latex"": ""f o u r - d i m e n s i o n a l \\; ( A 4 ) \\quad 4 ( 1 - \\alpha ) [ - l n ( 1 - \\alpha ) ] ^ { 3 / 4 }"", ""plain_candidate"": ""four-dimensional (A4) 4(1- )[-ln(1- )]^3/4"", ""arrow"": """", ""conditions"": [], ""reactants"": [], ""products"": []}"
D:\competition\date\data\raw\PEaCE\real_world_test_set\cell_chemical&special\19_24.png,PEaCE_real_world_test_set,real_world_test,t w o \; d i m e n s i o n s \; ( R 2 ) \quad 2 ( 1 - \alpha ) ^ { 1 / 2 },\ce{two dimensions (R2) 2(1- )^1/2},expression_only,no reaction arrow detected,"{""source_latex"": ""t w o \\; d i m e n s i o n s \\; ( R 2 ) \\quad 2 ( 1 - \\alpha ) ^ { 1 / 2 }"", ""plain_candidate"": ""two dimensions (R2) 2(1- )^1/2"", ""arrow"": """", ""conditions"": [], ""reactants"": [], ""products"": []}"
D:\competition\date\data\raw\PEaCE\real_world_test_set\cell_chemical&special\19_26.png,PEaCE_real_world_test_set,real_world_test,t h r e e \; d i m e n s i o n s \; ( R 3 ) \quad 3 ( 1 - \alpha ) ^ { 2 / 3 },\ce{three dimensions (R3) 3(1- )^2/3},expression_only,no reaction arrow detected,"{""source_latex"": ""t h r e e \\; d i m e n s i o n s \\; ( R 3 ) \\quad 3 ( 1 - \\alpha ) ^ { 2 / 3 }"", ""plain_candidate"": ""three dimensions (R3) 3(1- )^2/3"", ""arrow"": """", ""conditions"": [], ""reactants"": [], ""products"": []}"
D:\competition\date\data\raw\PEaCE\real_world_test_set\cell_chemical&special\19_29.png,PEaCE_real_world_test_set,real_world_test,p o w e r \; l a w \; ( P 2 ) \quad 2 \alpha ^ { 1 / 2 },\ce{power law (P2) 2 ^1/2},expression_only,no reaction arrow detected,"{""source_latex"": ""p o w e r \\; l a w \\; ( P 2 ) \\quad 2 \\alpha ^ { 1 / 2 }"", ""plain_candidate"": ""power law (P2) 2 ^1/2"", ""arrow"": """", ""conditions"": [], ""reactants"": [], ""products"": []}"
D:\competition\date\data\raw\PEaCE\real_world_test_set\cell_chemical&special\19_30.png,PEaCE_real_world_test_set,real_world_test,p o w e r \; l a w \; ( P 3 ) \quad 3 \alpha ^ { 2 / 3 },\ce{power law (P3) 3 ^2/3},expression_only,no reaction arrow detected,"{""source_latex"": ""p o w e r \\; l a w \\; ( P 3 ) \\quad 3 \\alpha ^ { 2 / 3 }"", ""plain_candidate"": ""power law (P3) 3 ^2/3"", ""arrow"": """", ""conditions"": [], ""reactants"": [], ""products"": []}"
D:\competition\date\data\raw\PEaCE\real_world_test_set\cell_chemical&special\19_31.png,PEaCE_real_world_test_set,real_world_test,p o w e r ; l a w ; ( P 4 ) \quad 4 alpha ^ { 3 / 4 },\ce{power ; law ;(P4) 4alpha^3/4},expression_only,no reaction arrow detected,"{""source_latex"": ""p o w e r ; l a w ; ( P 4 ) \\quad 4 alpha ^ { 3 / 4 }"", ""plain_candidate"": ""power ; law ;(P4) 4alpha^3/4"", ""arrow"": """", ""conditions"": [], ""reactants"": [], ""products"": []}"
D:\competition\date\data\raw\PEaCE\real_world_test_set\cell_chemical&special\19_3.png,PEaCE_real_world_test_set,real_world_test,f i r s t \; o r d e r ( F 1 ) \quad 1 - \alpha,\ce{first order(F1) 1-},expression_only,no reaction arrow detected,"{""source_latex"": ""f i r s t \\; o r d e r ( F 1 ) \\quad 1 - \\alpha"", ""plain_candidate"": ""first order(F1) 1-"", ""arrow"": """", ""conditions"": [], ""reactants"": [], ""products"": []}"
D:\competition\date\data\raw\PEaCE\real_world_test_set\cell_chemical&special\19_5.png,PEaCE_real_world_test_set,real_world_test,s e c o n d \; o r d e r \; ( F 2 ) \quad ( 1 - \alpha ) ^ { 2 },\ce{second order (F2) (1- )^2},expression_only,no reaction arrow detected,"{""source_latex"": ""s e c o n d \\; o r d e r \\; ( F 2 ) \\quad ( 1 - \\alpha ) ^ { 2 }"", ""plain_candidate"": ""second order (F2) (1- )^2"", ""arrow"": """", ""conditions"": [], ""reactants"": [], ""products"": []}"
D:\competition\date\data\raw\PEaCE\real_world_test_set\cell_chemical&special\19_9.png,PEaCE_real_world_test_set,real_world_test,o n e - d i m e n s i o n a l \; d i f f u s i o n \; ( D 1 ) \quad 1 / 2 \alpha,\ce{one-dimensional diffusion (D1) 1/2},expression_only,no reaction arrow detected,"{""source_latex"": ""o n e - d i m e n s i o n a l \\; d i f f u s i o n \\; ( D 1 ) \\quad 1 / 2 \\alpha"", ""plain_candidate"": ""one-dimensional diffusion (D1) 1/2"", ""arrow"": """", ""conditions"": [], ""reactants"": [], ""products"": []}"
D:\competition\date\data\raw\PEaCE\real_world_test_set\cell_chemical&special\20_3.png,PEaCE_real_world_test_set,real_world_test,T _ { s } ^ { a } \; ( ^ { \circ } C ),\ce{Ts^a (^deg C)},expression_only,no reaction arrow detected,"{""source_latex"": ""T _ { s } ^ { a } \\; ( ^ { \\circ } C )"", ""plain_candidate"": ""Ts^a (^deg C)"", ""arrow"": """", ""conditions"": [], ""reactants"": [], ""products"": []}"
D:\competition\date\data\raw\PEaCE\real_world_test_set\cell_chemical&special\21_7.png,PEaCE_real_world_test_set,real_world_test,E _ { O } \; ( k c a l \; m o l ^ { - 1 } ),\ce{EO (kcal mol^-1)},expression_only,no reaction arrow detected,"{""source_latex"": ""E _ { O } \\; ( k c a l \\; m o l ^ { - 1 } )"", ""plain_candidate"": ""EO (kcal mol^-1)"", ""arrow"": """", ""conditions"": [], ""reactants"": [], ""products"": []}"
D:\competition\date\data\raw\PEaCE\real_world_test_set\cell_normal\6_0.png,PEaCE_real_world_test_set,real_world_test,P r o x i m a t e \; A n a l y s i s,\ce{Proximate Analysis},expression_only,no reaction arrow detected,"{""source_latex"": ""P r o x i m a t e \\; A n a l y s i s"", ""plain_candidate"": ""Proximate Analysis"", ""arrow"": """", ""conditions"": [], ""reactants"": [], ""products"": []}"
D:\competition\date\data\raw\PEaCE\real_world_test_set\cell_normal\6_8.png,PEaCE_real_world_test_set,real_world_test,U l t i m a t e \; A n a l y s i s,\ce{Ultimate Analysis},expression_only,no reaction arrow detected,"{""source_latex"": ""U l t i m a t e \\; A n a l y s i s"", ""plain_candidate"": ""Ultimate Analysis"", ""arrow"": """", ""conditions"": [], ""reactants"": [], ""products"": []}"
D:\competition\date\data\raw\PEaCE\real_world_test_set\cell_normal\7_0.png,PEaCE_real_world_test_set,real_world_test,F u n c t i o n a l \; G r o u p,\ce{Functional Group},expression_only,no reaction arrow detected,"{""source_latex"": ""F u n c t i o n a l \\; G r o u p"", ""plain_candidate"": ""Functional Group"", ""arrow"": """", ""conditions"": [], ""reactants"": [], ""products"": []}"
D:\competition\date\data\raw\PEaCE\real_world_test_set\cell_normal\7_1.png,PEaCE_real_world_test_set,real_world_test,I n t e g r a t i o n \; R e g i o n ( p p m ),\ce{Integration Region(ppm)},expression_only,no reaction arrow detected,"{""source_latex"": ""I n t e g r a t i o n \\; R e g i o n ( p p m )"", ""plain_candidate"": ""Integration Region(ppm)"", ""arrow"": """", ""conditions"": [], ""reactants"": [], ""products"": []}"
D:\competition\date\data\raw\PEaCE\real_world_test_set\cell_normal\7_6.png,PEaCE_real_world_test_set,real_world_test,A l i p h a t i c \; C - O \; b o n d,\ce{Aliphatic C-O bond},expression_only,no reaction arrow detected,"{""source_latex"": ""A l i p h a t i c \\; C - O \\; b o n d"", ""plain_candidate"": ""Aliphatic C-O bond"", ""arrow"": """", ""conditions"": [], ""reactants"": [], ""products"": []}"
D:\competition\date\data\raw\PEaCE\real_world_test_set\cell_normal\7_9.png,PEaCE_real_world_test_set,real_world_test,A l i p h a t i c \; C - C \; b o n d,\ce{Aliphatic C-C bond},expression_only,no reaction arrow detected,"{""source_latex"": ""A l i p h a t i c \\; C - C \\; b o n d"", ""plain_candidate"": ""Aliphatic C-C bond"", ""arrow"": """", ""conditions"": [], ""reactants"": [], ""products"": []}"
D:\competition\date\data\raw\PEaCE\real_world_test_set\cell_normal\11_0.png,PEaCE_real_world_test_set,real_world_test,G C \; m o d e l,\ce{GC model},expression_only,no reaction arrow detected,"{""source_latex"": ""G C \\; m o d e l"", ""plain_candidate"": ""GC model"", ""arrow"": """", ""conditions"": [], ""reactants"": [], ""products"": []}"
D:\competition\date\data\raw\PEaCE\real_world_test_set\cell_normal\11_1.png,PEaCE_real_world_test_set,real_world_test,"A g i l e n t \; 7 8 9 0 B \; G C / T O F - M S \; ( A L M S C O , U K )","\ce{Agilent 7890B GC/TOF-MS (ALMSCO,UK)}",expression_only,no reaction arrow detected,"{""source_latex"": ""A g i l e n t \\; 7 8 9 0 B \\; G C / T O F - M S \\; ( A L M S C O , U K )"", ""plain_candidate"": ""Agilent 7890B GC/TOF-MS (ALMSCO,UK)"", ""arrow"": """", ""conditions"": [], ""reactants"": [], ""products"": []}"
D:\competition\date\data\raw\PEaCE\real_world_test_set\cell_normal\11_5.png,PEaCE_real_world_test_set,real_world_test,O v e n \; a n d \; G C \; s e t t i n g,\ce{Oven and GC setting},expression_only,no reaction arrow detected,"{""source_latex"": ""O v e n \\; a n d \\; G C \\; s e t t i n g"", ""plain_candidate"": ""Oven and GC setting"", ""arrow"": """", ""conditions"": [], ""reactants"": [], ""products"": []}"
D:\competition\date\data\raw\PEaCE\real_world_test_set\cell_normal\11_6.png,PEaCE_real_world_test_set,real_world_test,D e t e c t o r \; s e t t i n g \quad  V a l u e,\ce{Detector setting Value},expression_only,no reaction arrow detected,"{""source_latex"": ""D e t e c t o r \\; s e t t i n g \\quad  V a l u e"", ""plain_candidate"": ""Detector setting Value"", ""arrow"": """", ""conditions"": [], ""reactants"": [], ""products"": []}"
D:\competition\date\data\raw\PEaCE\real_world_test_set\cell_normal\12_125.png,PEaCE_real_world_test_set,real_world_test,3 - P h e n y l - 2 H - c h r o m e n e,\ce{3-Phenyl-2H-chromene},expression_only,no reaction arrow detected,"{""source_latex"": ""3 - P h e n y l - 2 H - c h r o m e n e"", ""plain_candidate"": ""3-Phenyl-2H-chromene"", ""arrow"": """", ""conditions"": [], ""reactants"": [], ""products"": []}"
D:\competition\date\data\raw\PEaCE\real_world_test_set\cell_normal\12_4.png,PEaCE_real_world_test_set,real_world_test,V i r g i n \; P E T,\ce{Virgin PET},expression_only,no reaction arrow detected,"{""source_latex"": ""V i r g i n \\; P E T"", ""plain_candidate"": ""Virgin PET"", ""arrow"": """", ""conditions"": [], ""reactants"": [], ""products"": []}"
D:\competition\date\data\raw\PEaCE\real_world_test_set\cell_normal\12_7.png,PEaCE_real_world_test_set,real_world_test,C a r b o n d i o x i d e / A c e t a l d e h y d e,\ce{Carbondioxide/Acetaldehyde},expression_only,no reaction arrow detected,"{""source_latex"": ""C a r b o n d i o x i d e / A c e t a l d e h y d e"", ""plain_candidate"": ""Carbondioxide/Acetaldehyde"", ""arrow"": """", ""conditions"": [], ""reactants"": [], ""products"": []}"
D:\competition\date\data\raw\PEaCE\real_world_test_set\cell_normal\13_18.png,PEaCE_real_world_test_set,real_world_test,V i r g i n \; P E T \; + \; T M A H,\ce{Virgin PET + TMAH},expression_only,no reaction arrow detected,"{""source_latex"": ""V i r g i n \\; P E T \\; + \\; T M A H"", ""plain_candidate"": ""Virgin PET + TMAH"", ""arrow"": """", ""conditions"": [], ""reactants"": [], ""products"": []}"
D:\competition\date\data\raw\PEaCE\real_world_test_set\cell_normal\13_8.png,PEaCE_real_world_test_set,real_world_test,V i r g i n \; P E T,\ce{Virgin PET},expression_only,no reaction arrow detected,"{""source_latex"": ""V i r g i n \\; P E T"", ""plain_candidate"": ""Virgin PET"", ""arrow"": """", ""conditions"": [], ""reactants"": [], ""products"": []}"
D:\competition\date\data\raw\PEaCE\real_world_test_set\cell_normal\14_0.png,PEaCE_real_world_test_set,real_world_test,I n p u t \quad P r o c e s s \quad M a x i m u m \quad E n t h a l p y \; o f,\ce{Input Process Maximum Enthalpy of},expression_only,no reaction arrow detected,"{""source_latex"": ""I n p u t \\quad P r o c e s s \\quad M a x i m u m \\quad E n t h a l p y \\; o f"", ""plain_candidate"": ""Input Process Maximum Enthalpy of"", ""arrow"": """", ""conditions"": [], ""reactants"": [], ""products"": []}"
D:\competition\date\data\raw\PEaCE\real_world_test_set\cell_normal\14_3.png,PEaCE_real_world_test_set,real_world_test,P r o p o r t i o n \; o f \; H y d r o g e n \; a n d,\ce{Proportion of Hydrogen and},expression_only,no reaction arrow detected,"{""source_latex"": ""P r o p o r t i o n \\; o f \\; H y d r o g e n \\; a n d"", ""plain_candidate"": ""Proportion of Hydrogen and"", ""arrow"": """", ""conditions"": [], ""reactants"": [], ""products"": []}"
D:\competition\date\data\raw\PEaCE\real_world_test_set\cell_normal\14_4.png,PEaCE_real_world_test_set,real_world_test,M a t e r i a l \; \; T e m p e r a t u r e \; \; \; B u r n i n g \quad H u m i d \; F l u e,\ce{Material Temperature Burning Humid Flue},expression_only,no reaction arrow detected,"{""source_latex"": ""M a t e r i a l \\; \\; T e m p e r a t u r e \\; \\; \\; B u r n i n g \\quad H u m i d \\; F l u e"", ""plain_candidate"": ""Material Temperature Burning Humid Flue"", ""arrow"": """", ""conditions"": [], ""reactants"": [], ""products"": []}"
D:\competition\date\data\raw\PEaCE\real_world_test_set\cell_normal\14_52.png,PEaCE_real_world_test_set,real_world_test,t h e \; C A R B \; a n d \; G R I \; m e t h o d s .,\ce{the CARB and GRI methods .},expression_only,no reaction arrow detected,"{""source_latex"": ""t h e \\; C A R B \\; a n d \\; G R I \\; m e t h o d s ."", ""plain_candidate"": ""the CARB and GRI methods ."", ""arrow"": """", ""conditions"": [], ""reactants"": [], ""products"": []}"
D:\competition\date\data\raw\PEaCE\real_world_test_set\cell_normal\14_7.png,PEaCE_real_world_test_set,real_world_test,C a r b o n \; A t o m s \; i n \; t h e \; P y r o l y s i s,\ce{Carbon Atoms in the Pyrolysis},expression_only,no reaction arrow detected,"{""source_latex"": ""C a r b o n \\; A t o m s \\; i n \\; t h e \\; P y r o l y s i s"", ""plain_candidate"": ""Carbon Atoms in the Pyrolysis"", ""arrow"": """", ""conditions"": [], ""reactants"": [], ""products"": []}"
D:\competition\date\data\raw\PEaCE\real_world_test_set\cell_normal\18_16.png,PEaCE_real_world_test_set,real_world_test,C 1 2 H 2 4,\ce{C12H24},expression_only,no reaction arrow detected,"{""source_latex"": ""C 1 2 H 2 4"", ""plain_candidate"": ""C12H24"", ""arrow"": """", ""conditions"": [], ""reactants"": [], ""products"": []}"
D:\competition\date\data\raw\PEaCE\real_world_test_set\cell_normal\18_29.png,PEaCE_real_world_test_set,real_world_test,C 1 4 H 2 6,\ce{C14H26},expression_only,no reaction arrow detected,"{""source_latex"": ""C 1 4 H 2 6"", ""plain_candidate"": ""C14H26"", ""arrow"": """", ""conditions"": [], ""reactants"": [], ""products"": []}"
D:\competition\date\data\raw\PEaCE\real_world_test_set\cell_normal\18_33.png,PEaCE_real_world_test_set,real_world_test,C 1 4 H 2 8,\ce{C14H28},expression_only,no reaction arrow detected,"{""source_latex"": ""C 1 4 H 2 8"", ""plain_candidate"": ""C14H28"", ""arrow"": """", ""conditions"": [], ""reactants"": [], ""products"": []}"
D:\competition\date\data\raw\PEaCE\real_world_test_set\cell_normal\18_48.png,PEaCE_real_world_test_set,real_world_test,C 1 7 H 3 4,\ce{C17H34},expression_only,no reaction arrow detected,"{""source_latex"": ""C 1 7 H 3 4"", ""plain_candidate"": ""C17H34"", ""arrow"": """", ""conditions"": [], ""reactants"": [], ""products"": []}"
D:\competition\date\data\raw\PEaCE\real_world_test_set\cell_normal\18_52.png,PEaCE_real_world_test_set,real_world_test,C 1 7 H 3 6,\ce{C17H36},expression_only,no reaction arrow detected,"{""source_latex"": ""C 1 7 H 3 6"", ""plain_candidate"": ""C17H36"", ""arrow"": """", ""conditions"": [], ""reactants"": [], ""products"": []}"
D:\competition\date\data\raw\PEaCE\real_world_test_set\cell_normal\18_60.png,PEaCE_real_world_test_set,real_world_test,C 2 0 H 3 8,\ce{C20H38},expression_only,no reaction arrow detected,"{""source_latex"": ""C 2 0 H 3 8"", ""plain_candidate"": ""C20H38"", ""arrow"": """", ""conditions"": [], ""reactants"": [], ""products"": []}"
D:\competition\date\data\raw\PEaCE\real_world_test_set\cell_normal\18_64.png,PEaCE_real_world_test_set,real_world_test,C 2 0 H 4 0,\ce{C20H40},expression_only,no reaction arrow detected,"{""source_latex"": ""C 2 0 H 4 0"", ""plain_candidate"": ""C20H40"", ""arrow"": """", ""conditions"": [], ""reactants"": [], ""products"": []}"
D:\competition\date\data\raw\PEaCE\real_world_test_set\cell_normal\18_66.png,PEaCE_real_world_test_set,real_world_test,"3 - E i c o s e n e , \; ( E ) -","\ce{3-Eicosene, (E)-}",expression_only,no reaction arrow detected,"{""source_latex"": ""3 - E i c o s e n e , \\; ( E ) -"", ""plain_candidate"": ""3-Eicosene, (E)-"", ""arrow"": """", ""conditions"": [], ""reactants"": [], ""products"": []}"
D:\competition\date\data\raw\PEaCE\real_world_test_set\cell_normal\18_78.png,PEaCE_real_world_test_set,real_world_test,C 2 6 H 5 4,\ce{C26H54},expression_only,no reaction arrow detected,"{""source_latex"": ""C 2 6 H 5 4"", ""plain_candidate"": ""C26H54"", ""arrow"": """", ""conditions"": [], ""reactants"": [], ""products"": []}"
D:\competition\date\data\raw\PEaCE\real_world_test_set\cell_normal\19_16.png,PEaCE_real_world_test_set,real_world_test,N u c l e a t i o n \; G r o w t h \; M o d e l s,\ce{Nucleation Growth Models},expression_only,no reaction arrow detected,"{""source_latex"": ""N u c l e a t i o n \\; G r o w t h \\; M o d e l s"", ""plain_candidate"": ""Nucleation Growth Models"", ""arrow"": """", ""conditions"": [], ""reactants"": [], ""products"": []}"
D:\competition\date\data\raw\PEaCE\real_world_test_set\cell_normal\19_22.png,PEaCE_real_world_test_set,real_world_test,G e o m e t r i c a l \; C o n t r a c t i o n \; M o d e l,\ce{Geometrical Contraction Model},expression_only,no reaction arrow detected,"{""source_latex"": ""G e o m e t r i c a l \\; C o n t r a c t i o n \\; M o d e l"", ""plain_candidate"": ""Geometrical Contraction Model"", ""arrow"": """", ""conditions"": [], ""reactants"": [], ""products"": []}"
D:\competition\date\data\raw\PEaCE\real_world_test_set\cell_normal\19_23.png,PEaCE_real_world_test_set,real_world_test,o n e \; d i m e n s i o n \; ( R 1 ) \quad 1,\ce{one dimension (R1) 1},expression_only,no reaction arrow detected,"{""source_latex"": ""o n e \\; d i m e n s i o n \\; ( R 1 ) \\quad 1"", ""plain_candidate"": ""one dimension (R1) 1"", ""arrow"": """", ""conditions"": [], ""reactants"": [], ""products"": []}"
D:\competition\date\data\raw\PEaCE\real_world_test_set\cell_normal\19_28.png,PEaCE_real_world_test_set,real_world_test,E x p e r i m e n t a l \; N u c l e a t i o n \; M o d e l s,\ce{Experimental Nucleation Models},expression_only,no reaction arrow detected,"{""source_latex"": ""E x p e r i m e n t a l \\; N u c l e a t i o n \\; M o d e l s"", ""plain_candidate"": ""Experimental Nucleation Models"", ""arrow"": """", ""conditions"": [], ""reactants"": [], ""products"": []}"
D:\competition\date\data\raw\PEaCE\real_world_test_set\cell_chemical&special\11_3.png,PEaCE_real_world_test_set,real_world_test,D B - 5 M S \; ( A g i l e n t \; J & W \; G C \; C o l u m n ),\ce{DB-5MS (Agilent J W GC Column)},expression_only,no reaction arrow detected,"{""source_latex"": ""D B - 5 M S \\; ( A g i l e n t \\; J & W \\; G C \\; C o l u m n )"", ""plain_candidate"": ""DB-5MS (Agilent J W GC Column)"", ""arrow"": """", ""conditions"": [], ""reactants"": [], ""products"": []}"
